title,video_id,url,published_at
"Michael Jackson - Human Nature (Official Video)",YNzuiRuQNYY,https://www.youtube.com/watch?v=YNzuiRuQNYY,2026-04-24T13:00:06Z
"Michael Jackson - Slave to the Rhythm (Official Audio)",MuTgX_A52Eo,https://www.youtube.com/watch?v=MuTgX_A52Eo,2022-12-16T08:00:12Z
"Michael Jackson - She's Trouble (Demo - Official Audio)",QY9M-LrgotM,https://www.youtube.com/watch?v=QY9M-LrgotM,2022-12-14T16:16:51Z
"Michael Jackson - Sunset Driver (Demo - Official Audio)",fq8IZninxio,https://www.youtube.com/watch?v=fq8IZninxio,2022-12-07T08:00:24Z
"Michael Jackson - Can't Get Outta The Rain (Official Audio)",V9KvkX5DcLs,https://www.youtube.com/watch?v=V9KvkX5DcLs,2022-12-07T08:00:18Z
"Michael Jackson - Carousel (Official Audio)",Hqsslwcb3Qg,https://www.youtube.com/watch?v=Hqsslwcb3Qg,2022-12-07T08:00:10Z
"Michael Jackson - Who Do You Know (Demo - Official Audio)",C3ijIJoDK6g,https://www.youtube.com/watch?v=C3ijIJoDK6g,2022-12-07T08:00:07Z
"Michael Jackson - The Toy (Demo - Official Audio)",NI5BJrNUWhM,https://www.youtube.com/watch?v=NI5BJrNUWhM,2022-12-07T08:00:06Z
"Michael Jackson - Behind The Mask (Mike's Mix (Demo) - Official Audio)",9Bfe8QAw33U,https://www.youtube.com/watch?v=9Bfe8QAw33U,2022-12-07T08:00:04Z
"Michael Jackson - What A Lovely Way To Go (Demo - Official Audio)",DQSc0T56kcI,https://www.youtube.com/watch?v=DQSc0T56kcI,2022-12-07T08:00:04Z
"Michael Jackson - Baby Be Mine (Official Audio)",q3HD_2i5ddQ,https://www.youtube.com/watch?v=q3HD_2i5ddQ,2022-11-22T08:00:31Z
"Michael Jackson - The Lady in My Life (Official Audio)",hbjIhgk_X18,https://www.youtube.com/watch?v=hbjIhgk_X18,2022-11-22T08:00:28Z
"Michael Jackson - The Girl Is Mine (Official Audio)",nbkwDIsDy7o,https://www.youtube.com/watch?v=nbkwDIsDy7o,2022-11-22T08:00:21Z
"Michael Jackson - P.Y.T. (Pretty Young Thing) (Official Audio)",_GlgOkBR1vU,https://www.youtube.com/watch?v=_GlgOkBR1vU,2022-11-22T08:00:16Z
"Michael Jackson - Human Nature (Official Audio)",_n9HhmX36Gk,https://www.youtube.com/watch?v=_n9HhmX36Gk,2022-11-22T08:00:12Z
"Michael Jackson - Wanna Be Startin' Somethin' (Official Lyric Video)",DsJlttdkybk,https://www.youtube.com/watch?v=DsJlttdkybk,2022-11-21T15:00:08Z
"Michael Jackson – They Don’t Care About Us (2020)",PoEa9bzeTu0,https://www.youtube.com/watch?v=PoEa9bzeTu0,2020-08-29T18:19:05Z
"Michael Jackson - Chicago (Official Audio)",Y_8mUx4VOmo,https://www.youtube.com/watch?v=Y_8mUx4VOmo,2020-06-24T07:00:12Z
"Michael Jackson - Loving You (Official Audio)",lDnz7oJv18E,https://www.youtube.com/watch?v=lDnz7oJv18E,2020-06-24T07:00:12Z
"Michael Jackson - Do You Know Where Your Children Are (Official Audio)",GNMhFnV8o1U,https://www.youtube.com/watch?v=GNMhFnV8o1U,2020-06-24T07:00:09Z
"Michael Jackson - Xscape (Official Audio)",O3Zj8GMby3o,https://www.youtube.com/watch?v=O3Zj8GMby3o,2020-06-24T07:00:04Z
"Michael Jackson - Blue Gangsta (Audio)",a-sPK4hbtkE,https://www.youtube.com/watch?v=a-sPK4hbtkE,2020-06-24T07:00:03Z
"Michael Jackson - Just Good Friends (Audio)",kt27N-_3Hjs,https://www.youtube.com/watch?v=kt27N-_3Hjs,2020-06-16T07:00:17Z
"Michael Jackson - 2000 Watts (Audio)",VA5hpF7PH1Q,https://www.youtube.com/watch?v=VA5hpF7PH1Q,2020-06-16T07:00:11Z
"Michael Jackson - The Lady in My Life (Audio)",cJLH5yXoqi8,https://www.youtube.com/watch?v=cJLH5yXoqi8,2020-06-16T07:00:10Z
"Michael Jackson - Baby Be Mine (Audio)",O3tnOVideSo,https://www.youtube.com/watch?v=O3tnOVideSo,2020-06-16T07:00:06Z
"Michael Jackson - I Can't Help It (Audio)",re3MOe1SBOs,https://www.youtube.com/watch?v=re3MOe1SBOs,2020-06-10T07:00:27Z
"Michael Jackson - (I Like) The Way You Love Me (Audio)",qWr8M7zwkME,https://www.youtube.com/watch?v=qWr8M7zwkME,2020-06-10T07:00:12Z
"Michael Jackson - Off the Wall (Audio)",_BfcRjZn6y4,https://www.youtube.com/watch?v=_BfcRjZn6y4,2020-06-10T07:00:08Z
"Michael Jackson - Burn This Disco Out (Audio)",_F06umiWDDw,https://www.youtube.com/watch?v=_F06umiWDDw,2020-06-10T07:00:07Z
"Michael Jackson - Girlfriend (Audio)",O8rc8FNCHcU,https://www.youtube.com/watch?v=O8rc8FNCHcU,2020-06-10T07:00:06Z
"Michael Jackson - 2 Bad (Audio)",U_ccH6-TnAE,https://www.youtube.com/watch?v=U_ccH6-TnAE,2020-06-04T07:00:13Z
"Michael Jackson - History (Audio)",_ksnxNfrKrw,https://www.youtube.com/watch?v=_ksnxNfrKrw,2020-06-04T07:00:08Z
"Michael Jackson - Human Nature (Official Audio)",ElN_4vUvTPs,https://www.youtube.com/watch?v=ElN_4vUvTPs,2020-06-04T07:00:04Z
"Michael Jackson - Wanna Be Startin' Somethin' (Audio)",1XMvPTFzgVU,https://www.youtube.com/watch?v=1XMvPTFzgVU,2020-06-04T07:00:02Z
"Michael Jackson - Little Susie / Pie Jesu (Audio)",BVrNK870EzA,https://www.youtube.com/watch?v=BVrNK870EzA,2020-06-04T07:00:02Z
"Michael Jackson - Heal the World (2020)",nhcG9wqn0gU,https://www.youtube.com/watch?v=nhcG9wqn0gU,2020-04-03T14:03:54Z
"Michael Jackson - Unbreakable (Audio)",WNQiROr5_AY,https://www.youtube.com/watch?v=WNQiROr5_AY,2019-09-04T18:27:25Z
"Michael Jackson - Heartbreaker (Audio)",CVd2A3F3UQw,https://www.youtube.com/watch?v=CVd2A3F3UQw,2019-09-04T18:26:03Z
"Michael Jackson - Whatever Happens (Audio)",-rn_pCKFeC8,https://www.youtube.com/watch?v=-rn_pCKFeC8,2019-09-04T18:26:01Z
"Michael Jackson - Heaven Can Wait (Official Audio)",TDVlDUAIz5k,https://www.youtube.com/watch?v=TDVlDUAIz5k,2019-09-04T18:25:33Z
"Michael Jackson - You Are My Life (Audio)",1KE0YkNusew,https://www.youtube.com/watch?v=1KE0YkNusew,2019-09-04T18:22:49Z
"Michael Jackson - Don't Walk Away (Audio)",8OVAbsEhKQw,https://www.youtube.com/watch?v=8OVAbsEhKQw,2019-09-04T18:22:25Z
"Michael Jackson - Behind the Mask (Official Video)",5bOkWTprifg,https://www.youtube.com/watch?v=5bOkWTprifg,2018-08-04T05:27:17Z
"Michael Jackson - Blood On The Dance Floor 2017 (Official Video)",rDKjb2VhLqg,https://www.youtube.com/watch?v=rDKjb2VhLqg,2017-12-14T12:00:04Z
"Michael Jackson - Blood On The Dance Floor X Dangerous (The White Panda Mash-Up)",CNwYcyRAl1Y,https://www.youtube.com/watch?v=CNwYcyRAl1Y,2017-10-12T14:29:21Z
"Michael Jackson - Thriller (Steve Aoki Midnight Hour Remix) (Audio)",b0RyiTp8gSA,https://www.youtube.com/watch?v=b0RyiTp8gSA,2017-09-29T07:00:01Z
"Michael Jackson - Threatened (Audio)",g8n5IrTU6mU,https://www.youtube.com/watch?v=g8n5IrTU6mU,2017-03-01T08:00:28Z
"Michael Jackson - We've Had Enough (Audio)",XzvwgDhwp3I,https://www.youtube.com/watch?v=XzvwgDhwp3I,2017-03-01T08:00:04Z
"Michael Jackson - This Time Around (Audio)",uXFSjcjK73M,https://www.youtube.com/watch?v=uXFSjcjK73M,2017-02-27T08:00:10Z
"Michael Jackson - The Lost Children (Audio)",1UoPNNzWUjk,https://www.youtube.com/watch?v=1UoPNNzWUjk,2017-02-27T08:00:01Z
"Michael Jackson - Tabloid Junkie (Audio)",loCFx_eelXE,https://www.youtube.com/watch?v=loCFx_eelXE,2017-02-24T08:00:04Z
"Michael Jackson - The Girl Is Mine (Audio) ft. Paul McCartney",8GB9BULxZ8c,https://www.youtube.com/watch?v=8GB9BULxZ8c,2017-02-24T08:00:00Z
"Michael Jackson - Speechless (Audio)",csARzcsjark,https://www.youtube.com/watch?v=csARzcsjark,2017-02-22T08:00:06Z
"Michael Jackson - Privacy (Audio)",IAX8rVcbUIQ,https://www.youtube.com/watch?v=IAX8rVcbUIQ,2017-02-22T08:00:01Z
"Michael Jackson - Morphine (Audio)",K_G5DLYRz6M,https://www.youtube.com/watch?v=K_G5DLYRz6M,2017-02-20T08:00:01Z
"Michael Jackson - P.Y.T. (Pretty Young Thing) (Official Audio)",1ZZQuj6htF4,https://www.youtube.com/watch?v=1ZZQuj6htF4,2017-02-20T08:00:00Z
"Michael Jackson - Is It Scary (Audio)",ctTmETTRSPA,https://www.youtube.com/watch?v=ctTmETTRSPA,2017-02-17T08:00:05Z
"Michael Jackson - Money (Audio)",I3XRCfet0Lc,https://www.youtube.com/watch?v=I3XRCfet0Lc,2017-02-17T08:00:02Z
"Michael Jackson - Invincible (Audio)",kXzM0zmDEek,https://www.youtube.com/watch?v=kXzM0zmDEek,2017-02-15T08:00:04Z
"Michael Jackson, Siedah Garrett - I Just Can't Stop Loving You (Official Audio)",GAmVuYEeSSg,https://www.youtube.com/watch?v=GAmVuYEeSSg,2017-02-15T08:00:01Z
"Michael Jackson - Butterflies (Audio)",csvNBRZfFpo,https://www.youtube.com/watch?v=csvNBRZfFpo,2017-02-13T08:00:05Z
"Michael Jackson - D.S. (Audio)",SHWpLfZzGU0,https://www.youtube.com/watch?v=SHWpLfZzGU0,2017-02-13T08:00:03Z
"Michael Jackson - Break of Dawn (Official Audio)",O8ELJ_Eh8A0,https://www.youtube.com/watch?v=O8ELJ_Eh8A0,2017-02-13T08:00:02Z
"Michael Jackson - Bad (Official Video)",Sd4SJVsTulc,https://www.youtube.com/watch?v=Sd4SJVsTulc,2017-01-27T18:15:27Z
"Michael Jackson - Black or White (Official Video - Upscaled)",pTFE8cirkdQ,https://www.youtube.com/watch?v=pTFE8cirkdQ,2016-11-14T08:00:04Z
"Michael Jackson - Keep the Faith (Audio)",vIEiP7kzGjI,https://www.youtube.com/watch?v=vIEiP7kzGjI,2016-11-02T07:00:03Z
"Michael Jackson - Can't Let Her Get Away (Audio)",Mxr21_VrNNs,https://www.youtube.com/watch?v=Mxr21_VrNNs,2016-11-02T07:00:02Z
"Michael Jackson - She Drives Me Wild (Audio)",kRp_FqCmsVA,https://www.youtube.com/watch?v=kRp_FqCmsVA,2016-11-02T07:00:02Z
"Michael Jackson - Dangerous (Audio)",7jTq2FXKr0g,https://www.youtube.com/watch?v=7jTq2FXKr0g,2016-11-02T07:00:00Z
"Michael Jackson - Why You Wanna Trip on Me (Audio)",C2FUzoy-UCg,https://www.youtube.com/watch?v=C2FUzoy-UCg,2016-11-02T07:00:00Z
"Michael Jackson - Who Is It (Official Video - Upscaled)",PfrV_6yWbEg,https://www.youtube.com/watch?v=PfrV_6yWbEg,2016-10-28T22:48:23Z
"Michael Jackson - It's the Falling in Love (Audio)",D8DE_cvnGXQ,https://www.youtube.com/watch?v=D8DE_cvnGXQ,2016-02-04T08:00:01Z
"Michael Jackson - Workin' Day and Night (Audio)",MWnyCxva6bA,https://www.youtube.com/watch?v=MWnyCxva6bA,2016-02-04T08:00:01Z
"Michael Jackson - Get on the Floor (Audio)",UdYwglFL6iM,https://www.youtube.com/watch?v=UdYwglFL6iM,2016-02-04T08:00:01Z
"Michael Jackson - A Place With No Name (Official Video)",YlJvMU-5NyA,https://www.youtube.com/watch?v=YlJvMU-5NyA,2014-08-14T14:00:07Z
"Michael Jackson - Love Never Felt So Good (Official Video)",GJDdBbgJafU,https://www.youtube.com/watch?v=GJDdBbgJafU,2014-06-19T23:00:02Z
"Michael Jackson - Slave To The Rhythm",jDRTghGZ7XU,https://www.youtube.com/watch?v=jDRTghGZ7XU,2014-05-19T13:01:00Z
"Michael Jackson - Classic MJ x Love Never Felt So Good (Official Video)",pRA20xG8C_k,https://www.youtube.com/watch?v=pRA20xG8C_k,2014-05-15T19:50:37Z
"Michael Jackson, Justin Timberlake - Love Never Felt So Good (Official Video)",oG08ukJPtR8,https://www.youtube.com/watch?v=oG08ukJPtR8,2014-05-14T13:00:04Z
"Michael Jackson, Justin Timberlake - Love Never Felt So Good (Audio)",0wnuTGGuAVs,https://www.youtube.com/watch?v=0wnuTGGuAVs,2014-05-02T04:00:01Z
"Michael Jackson - Immortal Megamix (Audio)",WnSFDK_H470,https://www.youtube.com/watch?v=WnSFDK_H470,2011-10-31T15:12:20Z
"Michael Jackson - Childhood (Official Video)",puQEcN_iI9o,https://www.youtube.com/watch?v=puQEcN_iI9o,2011-07-22T20:40:40Z
"Michael Jackson - Beat It (Official 4K Video)",oRdxUFDoQe0,https://www.youtube.com/watch?v=oRdxUFDoQe0,2011-04-11T10:13:33Z
"Michael Jackson - Hollywood Tonight (Official Video)",zjGtTUfPcI4,https://www.youtube.com/watch?v=zjGtTUfPcI4,2011-03-10T01:59:42Z
"Michael Jackson - Come Together (Official Video)",ubR9cXWkXv8,https://www.youtube.com/watch?v=ubR9cXWkXv8,2010-12-12T13:29:11Z
"Michael Jackson - In the Closet (Official Video - Upscaled)",4qLY0vbrT8Q,https://www.youtube.com/watch?v=4qLY0vbrT8Q,2010-12-12T13:03:15Z
"Michael Jackson - They Don't Care About Us (Prison Version) (Official Video)",t1pqi8vjTLY,https://www.youtube.com/watch?v=t1pqi8vjTLY,2010-12-12T13:00:01Z
"Michael Jackson - Speed Demon (Official Video)",l039y9FaIjc,https://www.youtube.com/watch?v=l039y9FaIjc,2010-12-12T12:34:08Z
"Michael Jackson - Hold My Hand (Duet with Akon) (Official Video) ft. Akon",-oCCnxBos10,https://www.youtube.com/watch?v=-oCCnxBos10,2010-12-08T02:05:55Z
"Michael Jackson - One More Chance (Official Video)",-owpIWQMd80,https://www.youtube.com/watch?v=-owpIWQMd80,2010-11-20T02:15:29Z
"Michael Jackson - Smooth Criminal (Official Video)",h_D3VFfhvs4,https://www.youtube.com/watch?v=h_D3VFfhvs4,2010-11-19T11:39:43Z
"Michael Jackson - This Is It (Official Video)",W_SLU3m6uCA,https://www.youtube.com/watch?v=W_SLU3m6uCA,2009-11-26T02:50:22Z
"Michael Jackson - Dirty Diana (Official Video)",yUi_S6YWjZw,https://www.youtube.com/watch?v=yUi_S6YWjZw,2009-11-15T16:02:59Z
"Michael Jackson - Don't Stop 'Til You Get Enough (Official Video - Upscaled)",yURRmWtbTbo,https://www.youtube.com/watch?v=yURRmWtbTbo,2009-10-03T21:00:43Z
"Michael Jackson - Thriller (Official Video - Shortened Version)",4V90AmXnguw,https://www.youtube.com/watch?v=4V90AmXnguw,2009-10-03T20:59:14Z
"Michael Jackson - Ghosts (Official Video - Shortened Version)",Xh9Cp4rd7mI,https://www.youtube.com/watch?v=Xh9Cp4rd7mI,2009-10-03T20:58:07Z
"Michael Jackson - Liberian Girl (Official Video)",f3V-7DEAgdc,https://www.youtube.com/watch?v=f3V-7DEAgdc,2009-10-03T20:57:33Z
"Michael Jackson - Cry (Official Video)",mj3MfUR35CM,https://www.youtube.com/watch?v=mj3MfUR35CM,2009-10-03T20:57:13Z
"Michael Jackson - You Are Not Alone (Official Video)",pAyKJAtDNCw,https://www.youtube.com/watch?v=pAyKJAtDNCw,2009-10-03T20:55:24Z
"Michael Jackson - Bad (Shortened Version)",dsUXAEzaC3Q,https://www.youtube.com/watch?v=dsUXAEzaC3Q,2009-10-03T20:55:06Z
"Michael Jackson - You Rock My World (Official Video)",1-7ABIM2qjU,https://www.youtube.com/watch?v=1-7ABIM2qjU,2009-10-03T07:52:30Z
"Michael Jackson - Blood On The Dance Floor (Official Video)",c3_NntYhzV4,https://www.youtube.com/watch?v=c3_NntYhzV4,2009-10-03T07:23:58Z
"Michael Jackson - Thriller (Official 4K Video)",sOnqjkJTMaA,https://www.youtube.com/watch?v=sOnqjkJTMaA,2009-10-03T06:51:49Z
"Michael Jackson - Black Or White (Official Video - Shortened Version)",F2AitTPI5U0,https://www.youtube.com/watch?v=F2AitTPI5U0,2009-10-03T06:10:38Z
"Michael Jackson - You Rock My World (Official Video - Shortened Version)",g4tpuu-Up90,https://www.youtube.com/watch?v=g4tpuu-Up90,2009-10-03T06:08:14Z
"Michael Jackson - Jam (Official Video - Upscaled)",JbHI1yI1Ndk,https://www.youtube.com/watch?v=JbHI1yI1Ndk,2009-10-03T05:05:55Z
"Michael Jackson - Remember the Time (Official Video - Upscaled)",LeiFF0gvqcc,https://www.youtube.com/watch?v=LeiFF0gvqcc,2009-10-03T04:54:19Z
"Michael Jackson - Heal The World (Official Video)",BWf-eARnf6U,https://www.youtube.com/watch?v=BWf-eARnf6U,2009-10-03T04:53:04Z
"Michael Jackson - Another Part of Me (Official Video)",8vwHQNQ88cM,https://www.youtube.com/watch?v=8vwHQNQ88cM,2009-10-03T04:50:51Z
"Michael Jackson - Man In The Mirror (Official Video)",PivWY9wn5ps,https://www.youtube.com/watch?v=PivWY9wn5ps,2009-10-03T04:50:20Z
"Michael Jackson - Stranger In Moscow (Official Video)",pEEMi2j6lYE,https://www.youtube.com/watch?v=pEEMi2j6lYE,2009-10-03T04:50:18Z
"Michael Jackson - They Don't Care About Us",QNJL6nfu__Q,https://www.youtube.com/watch?v=QNJL6nfu__Q,2009-10-03T04:50:06Z
"Michael Jackson - Leave Me Alone (Official Video)",crbFmpezO4A,https://www.youtube.com/watch?v=crbFmpezO4A,2009-10-03T04:49:13Z
"Michael Jackson - She's Out of My Life (Official Video - Upscaled)",6DQJPL9Yuq0,https://www.youtube.com/watch?v=6DQJPL9Yuq0,2009-10-03T04:48:39Z
"Michael Jackson - The Way You Make Me Feel (Official Video)",HzZ_urpj4As,https://www.youtube.com/watch?v=HzZ_urpj4As,2009-10-03T04:48:18Z
"Michael Jackson - Will You Be There (Official Video - Upscaled)",jQY_QL_wvQU,https://www.youtube.com/watch?v=jQY_QL_wvQU,2009-10-03T04:46:57Z
"Michael Jackson - Gone Too Soon (Official Video)",IcNamirwTaY,https://www.youtube.com/watch?v=IcNamirwTaY,2009-10-03T04:46:40Z
"Michael Jackson - Earth Song (Official Video)",XAi3VTSdTxU,https://www.youtube.com/watch?v=XAi3VTSdTxU,2009-10-03T04:46:05Z
"Michael Jackson - Give In To Me (Official Video - Upscaled)",LJ7qXHjxj_0,https://www.youtube.com/watch?v=LJ7qXHjxj_0,2009-10-03T04:45:51Z
"Michael Jackson - Smooth Criminal (Official Video - Shortened Version)",sFvENQBc-F8,https://www.youtube.com/watch?v=sFvENQBc-F8,2009-10-03T04:45:12Z
"Michael Jackson, Janet Jackson - Scream (Official Video)",0P4A1K4lXDo,https://www.youtube.com/watch?v=0P4A1K4lXDo,2009-10-03T04:44:12Z
"Michael Jackson - Billie Jean (Official Video)",Zi_XLOBDo_Y,https://www.youtube.com/watch?v=Zi_XLOBDo_Y,2009-10-03T04:44:09Z
"Michael Jackson - Rock With You (Official Video - Upscaled)",5X-Mrc2l1d0,https://www.youtube.com/watch?v=5X-Mrc2l1d0,2009-10-03T04:41:55Z